display_order,concept_code,concept_name,stock_order,stock_id,stock_name,source,source_url,updated_at,status
1,EH001276,3D IC先進封裝聯盟概念股,1,3131,弘塑,MoneyDJ,https://www.moneydj.com/z/zg/zge/zge_EH001276_E.djhtm,2026-06-19,active
1,EH001276,3D IC先進封裝聯盟概念股,2,7734,印能科技,MoneyDJ,https://www.moneydj.com/z/zg/zge/zge_EH001276_E.djhtm,2026-06-19,active
1,EH001276,3D IC先進封裝聯盟概念股,3,3583,辛耘,MoneyDJ,https://www.moneydj.com/z/zg/zge/zge_EH001276_E.djhtm,2026-06-19,active
1,EH001276,3D IC先進封裝聯盟概念股,4,6187,萬潤,MoneyDJ,https://www.moneydj.com/z/zg/zge/zge_EH001276_E.djhtm,2026-06-19,active
1,EH001276,3D IC先進封裝聯盟概念股,5,3455,由田,MoneyDJ,https://www.moneydj.com/z/zg/zge/zge_EH001276_E.djhtm,2026-06-19,active
1,EH001276,3D IC先進封裝聯盟概念股,6,4749,新應材,MoneyDJ,https://www.moneydj.com/z/zg/zge/zge_EH001276_E.djhtm,2026-06-19,active
1,EH001276,3D IC先進封裝聯盟概念股,7,2360,致茂,MoneyDJ,https://www.moneydj.com/z/zg/zge/zge_EH001276_E.djhtm,2026-06-19,active
1,EH001276,3D IC先進封裝聯盟概念股,8,2467,志聖,MoneyDJ,https://www.moneydj.com/z/zg/zge/zge_EH001276_E.djhtm,2026-06-19,active
1,EH001276,3D IC先進封裝聯盟概念股,9,6640,均華,MoneyDJ,https://www.moneydj.com/z/zg/zge/zge_EH001276_E.djhtm,2026-06-19,active
1,EH001276,3D IC先進封裝聯盟概念股,10,3711,日月光投控,MoneyDJ,https://www.moneydj.com/z/zg/zge/zge_EH001276_E.djhtm,2026-06-19,active
1,EH001276,3D IC先進封裝聯盟概念股,11,5443,均豪,MoneyDJ,https://www.moneydj.com/z/zg/zge/zge_EH001276_E.djhtm,2026-06-19,active
1,EH001276,3D IC先進封裝聯盟概念股,12,6425,易發,MoneyDJ,https://www.moneydj.com/z/zg/zge/zge_EH001276_E.djhtm,2026-06-19,active
1,EH001276,3D IC先進封裝聯盟概念股,13,7751,竑騰,MoneyDJ,https://www.moneydj.com/z/zg/zge/zge_EH001276_E.djhtm,2026-06-19,active
1,EH001276,3D IC先進封裝聯盟概念股,14,1711,永光,MoneyDJ,https://www.moneydj.com/z/zg/zge/zge_EH001276_E.djhtm,2026-06-19,active
1,EH001276,3D IC先進封裝聯盟概念股,15,1717,長興,MoneyDJ,https://www.moneydj.com/z/zg/zge/zge_EH001276_E.djhtm,2026-06-19,active
1,EH001276,3D IC先進封裝聯盟概念股,16,2395,研華,MoneyDJ,https://www.moneydj.com/z/zg/zge/zge_EH001276_E.djhtm,2026-06-19,active
1,EH001276,3D IC先進封裝聯盟概念股,17,2330,台積電,MoneyDJ,https://www.moneydj.com/z/zg/zge/zge_EH001276_E.djhtm,2026-06-19,active
1,EH001276,3D IC先進封裝聯盟概念股,18,7822,倍利科,MoneyDJ,https://www.moneydj.com/z/zg/zge/zge_EH001276_E.djhtm,2026-06-19,active
1,EH001276,3D IC先進封裝聯盟概念股,19,6515,穎崴,MoneyDJ,https://www.moneydj.com/z/zg/zge/zge_EH001276_E.djhtm,2026-06-19,active
1,EH001276,3D IC先進封裝聯盟概念股,20,2308,台達電,MoneyDJ,https://www.moneydj.com/z/zg/zge/zge_EH001276_E.djhtm,2026-06-19,active
1,EH001276,3D IC先進封裝聯盟概念股,21,3037,欣興,MoneyDJ,https://www.moneydj.com/z/zg/zge/zge_EH001276_E.djhtm,2026-06-19,active
