display_order,concept_code,concept_name,source,updated_at,status
1,EH001276,3D IC先進封裝聯盟概念股,MoneyDJ,2026-06-19,active
2,EH001253,3D全息投影概念股,MoneyDJ,2026-06-19,active
3,EH000227,3D列印概念股,MoneyDJ,2026-06-19,active
4,EH001185,3D感測概念股,MoneyDJ,2026-06-19,active
5,EH001107,5G概念股,MoneyDJ,2026-06-19,active
6,EH001262,AI PC概念股,MoneyDJ,2026-06-19,active
7,EH000124,AIoT物聯網概念股,MoneyDJ,2026-06-19,active
8,EH001256,AI伺服器概念股,MoneyDJ,2026-06-19,active
9,EH001271,AI智慧眼鏡概念股,MoneyDJ,2026-06-19,active
10,EH001218,Amazon概念股,MoneyDJ,2026-06-19,active
11,EH000046,AMD概念股,MoneyDJ,2026-06-19,active
12,EH000199,AMOLED概念股,MoneyDJ,2026-06-19,active
13,EH001168,Apple Vision Pro概念股,MoneyDJ,2026-06-19,active
14,EH000047,Apple概念股,MoneyDJ,2026-06-19,active
15,EH001269,BBU概念股,MoneyDJ,2026-06-19,active
16,EH000125,CES概念股,MoneyDJ,2026-06-19,active
17,EH001283,CoPoS概念股,MoneyDJ,2026-06-19,active
18,EH001259,CoWoS概念股,MoneyDJ,2026-06-19,active
19,EH001061,CPTPP概念股,MoneyDJ,2026-06-19,active
20,EH001205,CSR(企業社會責任)概念股,MoneyDJ,2026-06-19,active
21,EH090283,ESG概念股,MoneyDJ,2026-06-19,active
22,EH001264,FOPLP概念股,MoneyDJ,2026-06-19,active
23,EH001281,Google TPU概念股,MoneyDJ,2026-06-19,active
24,EH001151,Google概念股,MoneyDJ,2026-06-19,active
25,EH090156,HDI板概念股,MoneyDJ,2026-06-19,active
26,EH090155,IC基板概念股,MoneyDJ,2026-06-19,active
27,EH001182,IFA概念股,MoneyDJ,2026-06-19,active
28,EH000257,IGZO面板概念股,MoneyDJ,2026-06-19,active
29,EH000115,iPad系列概念股,MoneyDJ,2026-06-19,active
30,EH001254,iPhone 系列概念股,MoneyDJ,2026-06-19,active
31,EH001195,LiDAR(光學雷達)概念股,MoneyDJ,2026-06-19,active
32,EH090241,LTPS TFT面板概念股,MoneyDJ,2026-06-19,active
33,EH000092,MacBook概念股,MoneyDJ,2026-06-19,active
34,EH000248,MEMS概念股,MoneyDJ,2026-06-19,active
35,EH090284,Meteor Lake概念股,MoneyDJ,2026-06-19,active
36,EH001171,Micro LED概念股,MoneyDJ,2026-06-19,active
37,EH001179,MOSFET(電晶體)概念股,MoneyDJ,2026-06-19,active
38,EH000220,MWC概念股,MoneyDJ,2026-06-19,active
39,EH001241,PS5概念股,MoneyDJ,2026-06-19,active
40,EH000030,S＆P亞洲50指數台灣成分股,MoneyDJ,2026-06-19,active
41,EH000255,Samsung智慧手機概念股,MoneyDJ,2026-06-19,active
42,EH000191,Samsung概念股,MoneyDJ,2026-06-19,active
43,EH001237,WiFi 7概念股,MoneyDJ,2026-06-19,active
44,EH001106,WWDC概念股,MoneyDJ,2026-06-19,active
45,EH000226,Xbox 概念股,MoneyDJ,2026-06-19,active
46,EH001075,一帶一路概念股,MoneyDJ,2026-06-19,active
47,EH001173,人工智慧AI概念股,MoneyDJ,2026-06-19,active
48,EH001225,三星折疊手機概念股,MoneyDJ,2026-06-19,active
49,EH000029,大陸收成股,MoneyDJ,2026-06-19,active
50,EH001280,小水力發電概念股,MoneyDJ,2026-06-19,active
51,EH000190,小米手機概念股,MoneyDJ,2026-06-19,active
52,EH001044,小米概念股,MoneyDJ,2026-06-19,active
53,EH001270,小米電動車概念股,MoneyDJ,2026-06-19,active
54,EH001180,不斷電概念股,MoneyDJ,2026-06-19,active
55,EH001156,中元節概念股,MoneyDJ,2026-06-19,active
56,EH001251,元宇宙概念股,MoneyDJ,2026-06-19,active
57,EH001178,內嵌式觸控面板概念股,MoneyDJ,2026-06-19,active
58,EH001282,太空AI概念股,MoneyDJ,2026-06-19,active
59,EH000057,太陽能概念股,MoneyDJ,2026-06-19,active
60,EH000088,水資源概念股,MoneyDJ,2026-06-19,active
61,EH000139,世足概念股,MoneyDJ,2026-06-19,active
62,EH000031,台商印度概念股,MoneyDJ,2026-06-19,active
63,EH001272,台商美國概念股,MoneyDJ,2026-06-19,active
64,EH001249,台商泰國概念股,MoneyDJ,2026-06-19,active
65,EH000068,台商越南概念股,MoneyDJ,2026-06-19,active
66,EH001233,台商墨西哥概念股,MoneyDJ,2026-06-19,active
67,EH001121,台幣貶值受惠概念股,MoneyDJ,2026-06-19,active
68,EH001273,台積電無人機概念股,MoneyDJ,2026-06-19,active
69,EH000118,台積電概念股,MoneyDJ,2026-06-19,active
70,EH090285,外泌體概念股,MoneyDJ,2026-06-19,active
71,EH000259,生物辨識概念股,MoneyDJ,2026-06-19,active
72,EH001277,甲骨文概念股,MoneyDJ,2026-06-19,active
73,EH001164,任天堂Switch概念股,MoneyDJ,2026-06-19,active
74,EH001049,光棍節(雙11)受惠概念股,MoneyDJ,2026-06-19,active
75,EH001265,再生醫療概念股,MoneyDJ,2026-06-19,active
76,EH000246,自行車概念股,MoneyDJ,2026-06-19,active
77,EH000231,自動駕駛車概念股,MoneyDJ,2026-06-19,active
78,EH001057,行動支付概念股,MoneyDJ,2026-06-19,active
79,EH001248,低軌衛星概念股,MoneyDJ,2026-06-19,active
80,EH001266,助聽器概念股,MoneyDJ,2026-06-19,active
81,EH001215,折疊式手機概念股,MoneyDJ,2026-06-19,active
82,EH000062,車用電子概念股,MoneyDJ,2026-06-19,active
83,EH090282,固態電池概念股,MoneyDJ,2026-06-19,active
84,EH001144,旺季節慶概念股,MoneyDJ,2026-06-19,active
85,EH000262,物流概念股,MoneyDJ,2026-06-19,active
86,EH001261,矽光概念股,MoneyDJ,2026-06-19,active
87,EH001097,長期照護概念股,MoneyDJ,2026-06-19,active
88,EH001278,星際之門計畫概念股,MoneyDJ,2026-06-19,active
89,EH001243,星鏈計畫(Starlink)概念股,MoneyDJ,2026-06-19,active
90,EH000235,穿戴式裝置概念股,MoneyDJ,2026-06-19,active
91,EH001166,英特爾伺服器概念股,MoneyDJ,2026-06-19,active
92,EH000271,軍工概念股,MoneyDJ,2026-06-19,active
93,EH001257,飛天車(eVTOL)概念股,MoneyDJ,2026-06-19,active
94,EH001267,特斯拉人形機器人概念股,MoneyDJ,2026-06-19,active
95,EH000238,特斯拉概念股,MoneyDJ,2026-06-19,active
96,EH001103,缺電受惠概念股,MoneyDJ,2026-06-19,active
97,EH001042,航太概念股,MoneyDJ,2026-06-19,active
98,EH000145,高通概念股,MoneyDJ,2026-06-19,active
99,EH000256,高速傳輸介面概念股,MoneyDJ,2026-06-19,active
100,EH001236,區塊鏈概念股,MoneyDJ,2026-06-19,active
101,EH001030,基金加碼股,MoneyDJ,2026-06-19,active
102,EH001020,基金重押股,MoneyDJ,2026-06-19,active
103,EH001040,基金減碼股,MoneyDJ,2026-06-19,active
104,EH001120,情人節概念股,MoneyDJ,2026-06-19,active
105,EH001110,教育(補教)概念股,MoneyDJ,2026-06-19,active
106,EH001187,氫能概念股,MoneyDJ,2026-06-19,active
107,EH001224,第三代半導體概念股,MoneyDJ,2026-06-19,active
108,EH090153,軟板概念股,MoneyDJ,2026-06-19,active
109,EH001159,都市更新概念股,MoneyDJ,2026-06-19,active
110,EH000186,陸客來台概念股,MoneyDJ,2026-06-19,active
111,EH000035,富櫃50指數成分股,MoneyDJ,2026-06-19,active
112,EH001191,循環經濟概念股,MoneyDJ,2026-06-19,active
113,EH000242,暑假概念股,MoneyDJ,2026-06-19,active
114,EH000225,智慧手錶概念股,MoneyDJ,2026-06-19,active
115,EH000268,智慧城市展概念股,MoneyDJ,2026-06-19,active
116,EH001170,智慧音箱概念股,MoneyDJ,2026-06-19,active
117,EH000247,智慧家庭概念股,MoneyDJ,2026-06-19,active
118,EH000122,智慧電網概念股,MoneyDJ,2026-06-19,active
119,EH000161,棉花漲價概念股,MoneyDJ,2026-06-19,active
120,EH001275,無人船概念股,MoneyDJ,2026-06-19,active
121,EH000273,無人機概念股,MoneyDJ,2026-06-19,active
122,EH000229,無線充電概念股,MoneyDJ,2026-06-19,active
123,EH001122,登革熱概念股,MoneyDJ,2026-06-19,active
124,EH001279,稀土概念股,MoneyDJ,2026-06-19,active
125,EH000265,虛擬貨幣概念股,MoneyDJ,2026-06-19,active
126,EH001104,虛擬實境概念股,MoneyDJ,2026-06-19,active
127,EH001268,超級電容概念股,MoneyDJ,2026-06-19,active
128,EH090286,超透鏡概念股,MoneyDJ,2026-06-19,active
129,EH090210,量子電腦概念股,MoneyDJ,2026-06-19,active
130,EH001284,鈣鈦礦太陽能電池概念股,MoneyDJ,2026-06-19,active
131,EH000100,雲端運算概念股,MoneyDJ,2026-06-19,active
132,EH000101,傳產內需股,MoneyDJ,2026-06-19,active
133,EH000102,傳產原物料股,MoneyDJ,2026-06-19,active
134,EH001148,奧運概念股,MoneyDJ,2026-06-19,active
135,EH000207,微軟Surface概念股,MoneyDJ,2026-06-19,active
136,EH001010,新上市股,MoneyDJ,2026-06-19,active
137,EH001238,新基建概念股,MoneyDJ,2026-06-19,active
138,EH000241,新藥研發概念股,MoneyDJ,2026-06-19,active
139,EH090280,會員經濟概念股,MoneyDJ,2026-06-19,active
140,EH001073,節水概念股,MoneyDJ,2026-06-19,active
141,EH001060,資安概念股,MoneyDJ,2026-06-19,active
142,EH001134,資訊月概念股,MoneyDJ,2026-06-19,active
143,EH000013,資產股,MoneyDJ,2026-06-19,active
144,EH001077,運動休閒概念股,MoneyDJ,2026-06-19,active
145,EH001129,電子商務(電商)概念股,MoneyDJ,2026-06-19,active
146,EH001132,電動車充電概念股,MoneyDJ,2026-06-19,active
147,EH000056,電動車概念股,MoneyDJ,2026-06-19,active
148,EH001138,電競概念股,MoneyDJ,2026-06-19,active
149,EH090005,碳奈米管概念股,MoneyDJ,2026-06-19,active
150,EH000121,碳權概念股,MoneyDJ,2026-06-19,active
151,EH001113,精準醫療概念股,MoneyDJ,2026-06-19,active
152,EH000036,臺灣50指數成分股,MoneyDJ,2026-06-19,active
153,EH000040,臺灣中型100指數成分股,MoneyDJ,2026-06-19,active
154,EH000033,臺灣高股息指數成分股,MoneyDJ,2026-06-19,active
155,EH000034,臺灣發達指數成分股,MoneyDJ,2026-06-19,active
156,EH000039,臺灣資訊科技指數成分股,MoneyDJ,2026-06-19,active
157,EH090279,複合材料概念股,MoneyDJ,2026-06-19,active
158,EH001258,輝達AI概念股,MoneyDJ,2026-06-19,active
159,EH001274,輝達機器人概念股,MoneyDJ,2026-06-19,active
160,EH001053,駕駛輔助系統(ADAS)概念股,MoneyDJ,2026-06-19,active
161,EH000189,機器人概念股,MoneyDJ,2026-06-19,active
162,EH001186,燃料電池概念股,MoneyDJ,2026-06-19,active
163,EH090006,儲能系統概念股,MoneyDJ,2026-06-19,active
164,EH000221,儲能概念股,MoneyDJ,2026-06-19,active
165,EH001285,磷化銦概念股,MoneyDJ,2026-06-19,active
166,EH000007,磷酸鋰鐵電池概念股,MoneyDJ,2026-06-19,active
167,EH000200,聯想概念股,MoneyDJ,2026-06-19,active
168,EH001246,鴻海MIH電動車平台概念股,MoneyDJ,2026-06-19,active
169,EH001155,擴增實境(AR)概念股,MoneyDJ,2026-06-19,active
170,EH001214,邊緣運算概念股,MoneyDJ,2026-06-19,active
171,EH000263,霾害(空汙)概念股,MoneyDJ,2026-06-19,active
